Id,Title,Year,Collection_Id,Timeline_Id,Depth
9160AE5D-B13C-4865-8B37-4F2638CA5BC7,Threshold 1: The Big Bang,-13700000000,2B6CD8E0-5833-CEAF-117E-CF74DB7FED1F,00000000-0000-0000-0000-000000000000,1
05244045-5D81-456A-80F6-2708CFFF6F9A,Threshold 2: The Stars Light Up,-13500000000,2B6CD8E0-5833-CEAF-117E-CF74DB7FED1F,00000000-0000-0000-0000-000000000000,1
C726A9C3-63EC-455C-AC5D-0F84643F09A6,The Birth of the Milky Way Galaxy,-13200000000,2B6CD8E0-5833-CEAF-117E-CF74DB7FED1F,00000000-0000-0000-0000-000000000000,1
5BAEC96D-B648-4B96-879D-4E8F0F5129C6,Lyman Alpha Blob,-12000000000,2B6CD8E0-5833-CEAF-117E-CF74DB7FED1F,00000000-0000-0000-0000-000000000000,1
ABB759EB-8479-4C51-A466-896731A18B2C,Threshold 3: Creating New Chemical Elements ,-12000000000,2B6CD8E0-5833-CEAF-117E-CF74DB7FED1F,00000000-0000-0000-0000-000000000000,1
A37D5061-B5F7-4D11-B1DF-6E9FAA297F72,At the Core of NGC 6752 ,-10000000000,2B6CD8E0-5833-CEAF-117E-CF74DB7FED1F,00000000-0000-0000-0000-000000000000,1
85AA5683-F1A5-4D01-9699-EA00CE2EF73D,Galaxies,-9600000000,2B6CD8E0-5833-CEAF-117E-CF74DB7FED1F,00000000-0000-0000-0000-000000000000,1
59C90472-0E89-4319-B187-18A5CF315307,NGC 6791,-8000000000,2B6CD8E0-5833-CEAF-117E-CF74DB7FED1F,00000000-0000-0000-0000-000000000000,1
7A3719B4-3A41-4593-859C-FF83D695A632,A Five Quasar Gravitational Lens ,-7000000000,2B6CD8E0-5833-CEAF-117E-CF74DB7FED1F,00000000-0000-0000-0000-000000000000,1
2BA7B851-7DC7-4B99-A32F-5AF9EFDB26D2,MACS J0025,-6000000000,2B6CD8E0-5833-CEAF-117E-CF74DB7FED1F,00000000-0000-0000-0000-000000000000,1
911323B5-8D36-43A9-8190-A7359183C778,Picturing the Universe,-5000000000,2B6CD8E0-5833-CEAF-117E-CF74DB7FED1F,00000000-0000-0000-0000-000000000000,1
132A9D16-341F-4698-98A0-D53D66BA3192,SN 2005ap: The Brightest Supernova Yet Found,-5000000000,2B6CD8E0-5833-CEAF-117E-CF74DB7FED1F,00000000-0000-0000-0000-000000000000,1
E3A3840B-5F78-4AE8-B85B-6B1D3B3F3E10,Picturing the Early Earth,-4560000000,2B6CD8E0-5833-CEAF-117E-CF74DB7FED1F,1564EEFB-BD6C-4959-AA59-622EDBF6F9B8,4
48A39B56-61F9-4467-8100-91DAA206A470,Threshold 4: Origins of The Earth and The Solar System,-4560000000,2B6CD8E0-5833-CEAF-117E-CF74DB7FED1F,48FBB8A8-7C5D-49C3-83E1-98939AE2AE67,2
41705533-76C9-4B8F-8F66-FF0C56A527CA,The Solar System,-4560000000,2B6CD8E0-5833-CEAF-117E-CF74DB7FED1F,00000000-0000-0000-0000-000000000000,1
B46C295F-69FC-478E-B1DD-67CA0FBA38DB,Step 1: The First Prokaryotes,-4000000000,2B6CD8E0-5833-CEAF-117E-CF74DB7FED1F,E33F6068-8FA7-42B7-B344-DD59B9E1A91E,4
6066DCC9-64C4-4418-8D98-7F9AF5F4FF47,Rembrandt Impact Basin on Mercury ,-4000000000,2B6CD8E0-5833-CEAF-117E-CF74DB7FED1F,00000000-0000-0000-0000-000000000000,1
03949F0C-9A65-4D29-8781-87E8ACFAB9DD,Threshold 5: Origins of Life ,-3800000000,2B6CD8E0-5833-CEAF-117E-CF74DB7FED1F,D4809BE4-3CF9-4DDD-9703-3CA24E4D3A26,3
E0AF4F89-8190-426B-B8F9-3941C06F3D2C,Bullet Cluster Formed,-3400000000,2B6CD8E0-5833-CEAF-117E-CF74DB7FED1F,00000000-0000-0000-0000-000000000000,1
847B0AA5-357C-4D1B-84C2-501BDDEC5A2E,Step 2: Aerobic Respiration,-2500000000,2B6CD8E0-5833-CEAF-117E-CF74DB7FED1F,E33F6068-8FA7-42B7-B344-DD59B9E1A91E,4
9688085C-78FE-47E3-A672-E46C5A28DE35,Vredefort Crater,-2023000000,2B6CD8E0-5833-CEAF-117E-CF74DB7FED1F,D8181B7F-D119-4362-81F2-9BB5E7D76D4A,4
B54820BE-AA80-4E78-916D-DBFAAA36ABD4,Sudbury Basin,-1849000000,2B6CD8E0-5833-CEAF-117E-CF74DB7FED1F,D8181B7F-D119-4362-81F2-9BB5E7D76D4A,4
51B29786-5F4E-42A8-85B2-5D3B0930AE35,Step 3: Eukaryotic Cells,-1500000000,2B6CD8E0-5833-CEAF-117E-CF74DB7FED1F,99E0C2EF-0A73-43A9-B8B1-FCF4D39FF692,4
4FB02C60-85A7-4E60-97DE-2BFB8638EB6A,Vesta underwent splintering collision ,-1000000000,2B6CD8E0-5833-CEAF-117E-CF74DB7FED1F,00000000-0000-0000-0000-000000000000,1
BEF448D1-0D86-4496-8673-4B8A20FB2BA3,Step 4: Sexual Reproduction,-1000000000,2B6CD8E0-5833-CEAF-117E-CF74DB7FED1F,99E0C2EF-0A73-43A9-B8B1-FCF4D39FF692,4
DD65716F-EBDA-4160-94BC-CFB2B6BF247B,Step 5: Multicellular Life,-840000000,2B6CD8E0-5833-CEAF-117E-CF74DB7FED1F,99E0C2EF-0A73-43A9-B8B1-FCF4D39FF692,4
191E1AF1-9522-4B5C-A1E9-B1617F23BCDF,Snowball Earth,-600000000,2B6CD8E0-5833-CEAF-117E-CF74DB7FED1F,99E0C2EF-0A73-43A9-B8B1-FCF4D39FF692,4
44D26C0E-8485-4E86-B36B-4E0B78C70383,Acraman Crater,-580000000,2B6CD8E0-5833-CEAF-117E-CF74DB7FED1F,D8181B7F-D119-4362-81F2-9BB5E7D76D4A,4
C0EF34BF-71BA-4473-902A-476F65FD429B,Mass Extinction #1,-450000000,2B6CD8E0-5833-CEAF-117E-CF74DB7FED1F,75405BB3-BDA7-45A0-8C2B-77C1F54356B4,5
DC8F18E1-8348-438E-9F8E-FB219EBB8187,Step 6: Vertebrates,-450000000,2B6CD8E0-5833-CEAF-117E-CF74DB7FED1F,096717FD-64DB-4416-92A7-6D35C83777D5,4
51FBFEA1-1875-4CE2-AA80-003E95A2B355,Step 7: Life on Land,-400000000,2B6CD8E0-5833-CEAF-117E-CF74DB7FED1F,096717FD-64DB-4416-92A7-6D35C83777D5,4
ABFC75DB-D8E2-4B67-8AC6-51522E4DFCFB,Mass Extinction #2,-375000000,2B6CD8E0-5833-CEAF-117E-CF74DB7FED1F,75405BB3-BDA7-45A0-8C2B-77C1F54356B4,5
3BB545FD-C654-42C5-A9D2-C2D78762F697,Carboniferous Period,-325000000,2B6CD8E0-5833-CEAF-117E-CF74DB7FED1F,F24C9B18-198D-4D0A-9A1E-7B46841E5F1F,5
AEC21A04-64AB-43BE-80E4-5E8DCDACAF40,Step 8: Dinosaurs and Mammals,-250000000,2B6CD8E0-5833-CEAF-117E-CF74DB7FED1F,096717FD-64DB-4416-92A7-6D35C83777D5,4
2E1EDCC5-EB74-4423-AD5E-78C7F59F2A2F,Mass Extinction #3,-250000000,2B6CD8E0-5833-CEAF-117E-CF74DB7FED1F,4A4897E0-CE40-4FE2-BE92-5E1000466F91,5
3E1A1F05-DB66-4BD2-9B2C-3774FE7BE6F4,The Triassic,-220000000,2B6CD8E0-5833-CEAF-117E-CF74DB7FED1F,4A4897E0-CE40-4FE2-BE92-5E1000466F91,5
5860C3EB-8AEB-4A82-93D5-27342E8BCB37,Manicouagan Crater ,-215000000,2B6CD8E0-5833-CEAF-117E-CF74DB7FED1F,91FA5A40-E44B-479F-9689-8E67835AB219,4
3522EA1D-700E-4079-AC87-3F6ECC75DA31,Mass Extinction #4,-200000000,2B6CD8E0-5833-CEAF-117E-CF74DB7FED1F,4A4897E0-CE40-4FE2-BE92-5E1000466F91,5
7032542D-E692-466A-B846-2688E55F1269,The Jurassic,-180000000,2B6CD8E0-5833-CEAF-117E-CF74DB7FED1F,4A4897E0-CE40-4FE2-BE92-5E1000466F91,5
B7A67416-1868-4FE9-A0D9-1AE84F91DBF1,Gubbio Quarry ,-100000000,2B6CD8E0-5833-CEAF-117E-CF74DB7FED1F,9E0DDE7C-0623-4DC4-8A8C-2BE001EAE525,5
CBFA7735-C8FB-4671-B841-5F63DEB1A657,The Cretaceous,-100000000,2B6CD8E0-5833-CEAF-117E-CF74DB7FED1F,4A4897E0-CE40-4FE2-BE92-5E1000466F91,5
EA49A872-B277-4C4F-B23F-09500DDA1620,Bonarelli Layer,-84000000,2B6CD8E0-5833-CEAF-117E-CF74DB7FED1F,8D12726A-C70B-472E-93D6-17B540E530BB,4
E1927E04-3683-487C-8194-4B40C130FD0A,Dinosaur Extinction Impact,-65500000,2B6CD8E0-5833-CEAF-117E-CF74DB7FED1F,2CBC10BC-02B4-4D90-84E2-7CFFCC2FD109,6
1E4520A0-4259-4FF9-9B34-3C410493E85B,Chicxulub Crater,-65000000,2B6CD8E0-5833-CEAF-117E-CF74DB7FED1F,91FA5A40-E44B-479F-9689-8E67835AB219,4
0AD47D05-827C-4F54-93D8-577C403BDE52,Popigai Crater,-35700000,2B6CD8E0-5833-CEAF-117E-CF74DB7FED1F,91FA5A40-E44B-479F-9689-8E67835AB219,4
E683E56D-8FBE-4219-96B1-14454B584CAD,Chesapeake Bay Crater,-35000000,2B6CD8E0-5833-CEAF-117E-CF74DB7FED1F,91FA5A40-E44B-479F-9689-8E67835AB219,4
9FC83FAA-BBCE-4E8C-ADCD-9181FD8E0CC4,Round Top Volcano,-10000000,2B6CD8E0-5833-CEAF-117E-CF74DB7FED1F,D4809BE4-3CF9-4DDD-9703-3CA24E4D3A26,3
39E60E56-0256-4586-A912-D0CAF3663CDF,Threshold 6: Origins of Human Beings,-7000000,2B6CD8E0-5833-CEAF-117E-CF74DB7FED1F,A6B821DF-2A4D-4F0E-BAF5-28E47ECB720B,4
274D292B-1CB4-40B5-A2A2-E61707797E0E,Ardipithecus ramidus,-4400000,2B6CD8E0-5833-CEAF-117E-CF74DB7FED1F,284390D0-172B-4C38-A4DA-DC3387385368,6
F3E5D634-C75F-4BAB-AAF3-D6E6F8398891,Lucy,-3200000,2B6CD8E0-5833-CEAF-117E-CF74DB7FED1F,A907F9DA-E977-4317-92BE-59236DF5395F,7
9B7485CE-1A5E-4743-924C-1EE87088E031,Evidence of Earliest Stone Tools,-2500000,2B6CD8E0-5833-CEAF-117E-CF74DB7FED1F,B37F255B-782A-4F61-B134-DF1BA6B45819,6
10EF4BF7-8CAD-4F28-BDEE-E8FB91A4AFB5,First Evidence of Controlled Use of Fire,-1500000,2B6CD8E0-5833-CEAF-117E-CF74DB7FED1F,5265AD6E-FC86-4B51-9F9F-8F982BB0B8A3,7
941BBA81-F289-4384-94AA-17F1F18174FC,Evidence of Humans on All Continents Apart from Antarctica,-13000,2B6CD8E0-5833-CEAF-117E-CF74DB7FED1F,6F6E6F61-7F0E-4CE0-BAFB-8D414DA6AA28,5
78A778B6-B332-4B88-A0F8-96287620F784,Threshold 7: Origins of Agriculture,-11000,2B6CD8E0-5833-CEAF-117E-CF74DB7FED1F,A6B821DF-2A4D-4F0E-BAF5-28E47ECB720B,4
DEE60983-8F9A-4EAE-8A20-01BFBF00F4EF,The Great Pyramids,-2494,2B6CD8E0-5833-CEAF-117E-CF74DB7FED1F,B3972943-7CA1-4C33-A368-B37DE5032AD0,10
0AAA9494-D9CC-4240-98B3-4497E6C4A729,Mayan occupation of Kaminaljuyu,-1500,2B6CD8E0-5833-CEAF-117E-CF74DB7FED1F,4FCAC313-1AB6-41ED-90E9-10ABB0E81125,10
1CA18DFF-75CC-4B44-A5A9-D908A4CB77AA,Maya Calendar,-500,2B6CD8E0-5833-CEAF-117E-CF74DB7FED1F,4FCAC313-1AB6-41ED-90E9-10ABB0E81125,10
AA0DD57D-8E17-4BF3-B111-0921D40D5290,Mayan Writing is First Developed ,-300,2B6CD8E0-5833-CEAF-117E-CF74DB7FED1F,4FCAC313-1AB6-41ED-90E9-10ABB0E81125,10
B36D90A8-0C9C-43B9-B5D6-D16489138C88,City of Teotihuancán Founded ,-100,2B6CD8E0-5833-CEAF-117E-CF74DB7FED1F,4FCAC313-1AB6-41ED-90E9-10ABB0E81125,10
42446679-E1EC-4FE4-8311-050DB18E6841,Commencement of Construction,42,2B6CD8E0-5833-CEAF-117E-CF74DB7FED1F,4108187C-8C74-4FD5-9394-4679B7A5DF17,12
DB4E7B89-7FBB-43D9-AB73-FF6B367F7545,Terme Della Lanterna,60,2B6CD8E0-5833-CEAF-117E-CF74DB7FED1F,4108187C-8C74-4FD5-9394-4679B7A5DF17,12
512E8385-C211-44B9-B0EC-9E40D868ADAD,Destruction of Ships,62,2B6CD8E0-5833-CEAF-117E-CF74DB7FED1F,4108187C-8C74-4FD5-9394-4679B7A5DF17,12
8029F667-8E35-4006-B6BF-D7E0E3031728,Inauguration of Portus,64,2B6CD8E0-5833-CEAF-117E-CF74DB7FED1F,4108187C-8C74-4FD5-9394-4679B7A5DF17,12
C6F73C01-7E16-4149-89A8-E774EC4FD658,Inauguration of the Enlargement of Portus by Trajan,112,2B6CD8E0-5833-CEAF-117E-CF74DB7FED1F,C711AA50-118E-4FA8-A17C-D122334CC670,12
B97FC7F0-3B85-4711-854D-79D7BDD9A4AE,Imperial Palace,114,2B6CD8E0-5833-CEAF-117E-CF74DB7FED1F,C711AA50-118E-4FA8-A17C-D122334CC670,12
DBAC1057-F96A-4FE8-96C9-1701D2371A67,Cistern Complex,117,2B6CD8E0-5833-CEAF-117E-CF74DB7FED1F,C711AA50-118E-4FA8-A17C-D122334CC670,12
3FD168FF-404A-474C-9C2C-07563A177900,Grandi Magazzini di Settimio Severo,190,2B6CD8E0-5833-CEAF-117E-CF74DB7FED1F,C711AA50-118E-4FA8-A17C-D122334CC670,12
360075FC-E73E-40DC-9343-F9FEFA933ED2,Major Phases of Building,190,2B6CD8E0-5833-CEAF-117E-CF74DB7FED1F,0ACF9612-0109-487A-8C1C-B12AD32AF997,12
1167A099-90D0-42AE-9FC9-BC5DE24CCFDB,Imperial Palace Latrine,191,2B6CD8E0-5833-CEAF-117E-CF74DB7FED1F,0ACF9612-0109-487A-8C1C-B12AD32AF997,12
AE412719-5131-4174-9365-CE3401918008,Amphitheatre,192,2B6CD8E0-5833-CEAF-117E-CF74DB7FED1F,0ACF9612-0109-487A-8C1C-B12AD32AF997,12
4934E2B1-EF07-47EB-9650-577EA69E03E4,Existence of a Bishop,314,2B6CD8E0-5833-CEAF-117E-CF74DB7FED1F,A5039B49-16FA-47AE-89D6-8C5CF262E2AC,12
48D04BDA-E1C4-4309-950C-A6AF37CDE455,Urban Status,337,2B6CD8E0-5833-CEAF-117E-CF74DB7FED1F,A5039B49-16FA-47AE-89D6-8C5CF262E2AC,12
EA3C66B2-79A4-4237-99B3-CC5C3861F0A9,Capture by the Visigoths,409,2B6CD8E0-5833-CEAF-117E-CF74DB7FED1F,A5039B49-16FA-47AE-89D6-8C5CF262E2AC,12
DFA2B604-4B34-4F41-B9DA-9755E1BB3EAA,Capture by the Vandals,455,2B6CD8E0-5833-CEAF-117E-CF74DB7FED1F,A5039B49-16FA-47AE-89D6-8C5CF262E2AC,12
58EED96C-46DD-4F2D-AF09-1DE12FE6A1FE,Construction of a Defensive Wall,470,2B6CD8E0-5833-CEAF-117E-CF74DB7FED1F,A5039B49-16FA-47AE-89D6-8C5CF262E2AC,12
D000B952-E0CB-4A08-ABC5-12ABC7A74479,Halach Unic,500,2B6CD8E0-5833-CEAF-117E-CF74DB7FED1F,1E7DE9E0-2532-426B-BE7E-31E2B7D72B94,10
25954FCA-8E4C-47A1-9FEF-C5EC15CB48C3,Tikal Becomes the Center of the Mayan Civilization,500,2B6CD8E0-5833-CEAF-117E-CF74DB7FED1F,1E7DE9E0-2532-426B-BE7E-31E2B7D72B94,10
52081E42-B383-4185-883A-5C53D43B5F1D,Capture by the Ostrogoths,537,2B6CD8E0-5833-CEAF-117E-CF74DB7FED1F,A5039B49-16FA-47AE-89D6-8C5CF262E2AC,12
47757DAA-A192-4D60-B981-DFB9B41960BA,Byzantine Troops Capture Portus,553,2B6CD8E0-5833-CEAF-117E-CF74DB7FED1F,A5039B49-16FA-47AE-89D6-8C5CF262E2AC,12
4C25790D-9317-4125-AB04-B38AF5C9585D,Maya Script (date approx.),600,2B6CD8E0-5833-CEAF-117E-CF74DB7FED1F,1E7DE9E0-2532-426B-BE7E-31E2B7D72B94,10
8309439A-23EA-4CD8-BFE5-CE518D0AA7AD,The Jaguar Temple at Lamanai,625,2B6CD8E0-5833-CEAF-117E-CF74DB7FED1F,1E7DE9E0-2532-426B-BE7E-31E2B7D72B94,10
58035F92-8DBC-4548-955C-AAECAE9EE6E9,Mesoamerican Ballgame (date approx.),700,2B6CD8E0-5833-CEAF-117E-CF74DB7FED1F,1E7DE9E0-2532-426B-BE7E-31E2B7D72B94,10
FFEBBBB4-5DBE-402F-ACB0-7F4BDC1DE0E3,Tajal Chan Ahk built palace at Cancuen,770,2B6CD8E0-5833-CEAF-117E-CF74DB7FED1F,1E7DE9E0-2532-426B-BE7E-31E2B7D72B94,10
5C7E92D6-0270-4BFD-AAFA-397F4F6BDC53,Kukulkan,800,2B6CD8E0-5833-CEAF-117E-CF74DB7FED1F,1E7DE9E0-2532-426B-BE7E-31E2B7D72B94,10
4E9F29AD-10EF-4D70-BC03-7C936015E21C,Mercado,825,2B6CD8E0-5833-CEAF-117E-CF74DB7FED1F,1E7DE9E0-2532-426B-BE7E-31E2B7D72B94,10
076BB97C-E17D-4606-8FBF-20EB57A6DCF5,La Casa de las Monjas,880,2B6CD8E0-5833-CEAF-117E-CF74DB7FED1F,1E7DE9E0-2532-426B-BE7E-31E2B7D72B94,10
438219FA-7BD8-4931-BC94-AC7B45A136C7,Tzompantli,925,2B6CD8E0-5833-CEAF-117E-CF74DB7FED1F,377BA8D1-00A6-46B6-8FB5-997D90ADAB75,10
4B1A4AC5-435E-48E2-8C4C-0D39D2A6B0E2,Threshold 8: Origins of The Modern World ,1000,2B6CD8E0-5833-CEAF-117E-CF74DB7FED1F,4AFB5BB6-1544-4416-A949-8C8F473E544D,8
768EE7A4-D42B-47CA-9BDD-7F1455932D21,The Observatory at Chichen Itza,1000,2B6CD8E0-5833-CEAF-117E-CF74DB7FED1F,427D94E6-DE13-41D4-BF69-51F964E3691A,10
8DA2ACCE-CBC2-4919-AF41-5D8040C6E3FD,Templo de los Frescos,1200,2B6CD8E0-5833-CEAF-117E-CF74DB7FED1F,427D94E6-DE13-41D4-BF69-51F964E3691A,10
3FE2177C-E2FA-42F3-9A17-FC69621FFA10,Mayapan became the capital of Maya,1220,2B6CD8E0-5833-CEAF-117E-CF74DB7FED1F,427D94E6-DE13-41D4-BF69-51F964E3691A,10
22139E7B-E7F9-46EE-91F3-2A5D831B8D6F,Birth of the Ottoman Empire,1258,2B6CD8E0-5833-CEAF-117E-CF74DB7FED1F,4AFB5BB6-1544-4416-A949-8C8F473E544D,8
9D585E25-98E9-4A52-AFB8-23A46677D51E,Tulum,1325,2B6CD8E0-5833-CEAF-117E-CF74DB7FED1F,427D94E6-DE13-41D4-BF69-51F964E3691A,10
DE0204C1-951E-405B-BB62-1FCDD02ADD97,The Turtle Ship,1413,2B6CD8E0-5833-CEAF-117E-CF74DB7FED1F,F3F5A3CF-1092-4447-9819-18D7C312A75B,10
2DE77A3C-5236-4789-9C56-0989E442F253,The Spanish Conquest of the Yucatán,1517,2B6CD8E0-5833-CEAF-117E-CF74DB7FED1F,427D94E6-DE13-41D4-BF69-51F964E3691A,10
9733DB98-83D5-41EC-80A3-56B88D1C433E,The Helio-Centric Model,1530,2B6CD8E0-5833-CEAF-117E-CF74DB7FED1F,4549BC71-9F9A-4D45-A859-3E4730E4CF8D,10
DACB1A13-77C3-4CAB-9278-62348B38CB7D,Globalizations Beginnings ,1571,2B6CD8E0-5833-CEAF-117E-CF74DB7FED1F,874E0C47-7951-4555-9AFE-D1D59272CA27,9
03CA51FC-4101-46C9-B19D-74DAEBE208A1,A Surprise Observation,1572,2B6CD8E0-5833-CEAF-117E-CF74DB7FED1F,BB5792A5-9098-45DF-A22B-709DDABD373F,10
34D91584-EA25-428D-807E-69BD93FD4610,Dosan Seowan,1574,2B6CD8E0-5833-CEAF-117E-CF74DB7FED1F,F3F5A3CF-1092-4447-9819-18D7C312A75B,10
6314C846-3AC8-4642-9E03-B8EC116A5EB1,The First Global Cycle of Silver: 1540-1640  ,1590,2B6CD8E0-5833-CEAF-117E-CF74DB7FED1F,874E0C47-7951-4555-9AFE-D1D59272CA27,9
26A392C4-4985-40B0-8029-462048BADA2F,Kepler's First Law of Planetary Motion,1609,2B6CD8E0-5833-CEAF-117E-CF74DB7FED1F,E228580D-53C0-4F18-93B1-D7E97CB2F29B,10
D58C3320-1EA1-4B87-84BB-FAD1DC66F6C3,"The Dongui Bogam ????, ????",1613,2B6CD8E0-5833-CEAF-117E-CF74DB7FED1F,F3F5A3CF-1092-4447-9819-18D7C312A75B,10
E37D367A-28F3-4ADF-BFAF-8C99EE03CD1B,End of the First Global Cycle of Silver ,1640,2B6CD8E0-5833-CEAF-117E-CF74DB7FED1F,874E0C47-7951-4555-9AFE-D1D59272CA27,9
73F325F1-4AA7-470E-8BED-ED7E1060BA2D,20th-Century Misconceptions about the Role of 16th-18th-Century Asia ,1650,2B6CD8E0-5833-CEAF-117E-CF74DB7FED1F,874E0C47-7951-4555-9AFE-D1D59272CA27,9
B7A4D5CC-472E-4BB4-8556-EF02389EB89D,Invention of the Pendulum Clock,1657,2B6CD8E0-5833-CEAF-117E-CF74DB7FED1F,DC5D643D-D7EC-4F80-992E-F5A2880ACADA,10
D1F7AF42-B7F1-417A-9804-0A5F7478E4DA,The Accomplishments of Isaac Newton,1669,2B6CD8E0-5833-CEAF-117E-CF74DB7FED1F,85DBB7CB-D936-420B-A2AC-FEC1F6B3678C,10
D2065A3E-155C-463E-8407-90E9628DD7CB,Abundant Evidence: 1492-1800 ,1680,2B6CD8E0-5833-CEAF-117E-CF74DB7FED1F,874E0C47-7951-4555-9AFE-D1D59272CA27,9
635AA738-CC1D-498E-B138-51E2FED0FD7E,Falling of the last recognized Maya stronghold ,1697,2B6CD8E0-5833-CEAF-117E-CF74DB7FED1F,9801F003-B1D6-4DD3-AB87-1738B43B4FC7,10
6505767D-6399-48E9-A045-6E148831A813,Thomas Savery Patents an Early Steam Powered Pump,1698,2B6CD8E0-5833-CEAF-117E-CF74DB7FED1F,21801115-4447-451A-A773-848E097A7383,11
3B66E188-3E08-4B2D-B250-1CB28C4FEAE3,Darby Improved Iron Smelting by Using Coke,1700,2B6CD8E0-5833-CEAF-117E-CF74DB7FED1F,A404F718-9079-4F2F-AA83-8BAA6CA72726,10
EB9CC880-E1A3-43E1-BEBE-E8C262F1417F,Parliament Banned Importation of Cheaper Cotton Textiles from India,1700,2B6CD8E0-5833-CEAF-117E-CF74DB7FED1F,21801115-4447-451A-A773-848E097A7383,11
D9499B0B-E218-4AF6-A802-EE4E0FE27195,Creation of Bank of England,1700,2B6CD8E0-5833-CEAF-117E-CF74DB7FED1F,A404F718-9079-4F2F-AA83-8BAA6CA72726,10
4596D5A8-5655-4D93-8740-492F3AFD0D1A,The Mexican Global Cycle of Silver: 1700-1750 ,1725,2B6CD8E0-5833-CEAF-117E-CF74DB7FED1F,874E0C47-7951-4555-9AFE-D1D59272CA27,9
FD8501A8-6CC3-4A43-8E7A-3DD035F96A3C,Carl Linnaeus and Racist Pseudoscience,1735,2B6CD8E0-5833-CEAF-117E-CF74DB7FED1F,553533E3-8F8B-49A7-BB26-07A86EFC70CC,9
67A646F0-BBE9-49C1-ABAB-34B8182E2691,Advice to a Young Tradesman by Benjamin Franklin,1748,2B6CD8E0-5833-CEAF-117E-CF74DB7FED1F,DC5D643D-D7EC-4F80-992E-F5A2880ACADA,10
FBCE1E99-1DF4-483A-AE80-82018A77D8BA,End of the Global Mexican Cycle of Silver,1750,2B6CD8E0-5833-CEAF-117E-CF74DB7FED1F,874E0C47-7951-4555-9AFE-D1D59272CA27,9
7A4A1E9B-52F1-4999-BBA7-170C8CBAA62C,"England's first factory, the Soho Manufactory opens",1755,2B6CD8E0-5833-CEAF-117E-CF74DB7FED1F,A404F718-9079-4F2F-AA83-8BAA6CA72726,10
5A151C94-F2B4-4E08-8015-72A8856F7D7E,Watt Tried to Build a Steam Carriage,1757,2B6CD8E0-5833-CEAF-117E-CF74DB7FED1F,B00B69A9-2AC8-44EF-8209-36B96A027CB0,12
8439A3B1-BB7E-49ED-9BF3-5A39A7AC245A,Ilseongnok,1760,2B6CD8E0-5833-CEAF-117E-CF74DB7FED1F,F3F5A3CF-1092-4447-9819-18D7C312A75B,10
EDC77420-50B9-433E-98F9-693970B9511F,Life of Adam Smith,1770,2B6CD8E0-5833-CEAF-117E-CF74DB7FED1F,A507F152-3F39-4EC9-8350-C61EF753B34B,11
8180B92C-1A45-4499-8552-69990FAD9CBE,"Recognition of universal, equal, and natural human rights by Jefferson and the American Congress",1776,2B6CD8E0-5833-CEAF-117E-CF74DB7FED1F,527E2226-AB01-4F24-866B-4124CBD8FF33,10
B044F020-6040-4E3D-8F9F-CF5B44AC2ABD,The Wealth of Nations,1776,2B6CD8E0-5833-CEAF-117E-CF74DB7FED1F,A507F152-3F39-4EC9-8350-C61EF753B34B,11
E323A427-59A3-4BEB-97E8-D4BAD6823B96,James Watt Invents Steam Engine Replacing Newcomen Engines,1776,2B6CD8E0-5833-CEAF-117E-CF74DB7FED1F,B00B69A9-2AC8-44EF-8209-36B96A027CB0,12
03684B97-BF52-4AA0-9D98-74FB2E289E75,More Racist Pseudoscience,1779,2B6CD8E0-5833-CEAF-117E-CF74DB7FED1F,2D8FA12F-4FA1-474F-8D7E-A53C7168B0EC,10
FF2F2773-099A-43A7-AE91-6FF33C263BBC,Dragons or Dinosaurs?,1785,2B6CD8E0-5833-CEAF-117E-CF74DB7FED1F,33AE6179-440E-4F49-8968-5528D6693378,9
A85815B9-E247-484B-AF91-1FB8B8DEA130,Samuel Slater sets up first US textile factory,1789,2B6CD8E0-5833-CEAF-117E-CF74DB7FED1F,29DEEA0C-777C-4D5B-914E-6E6963A9A986,11
7091C758-E66A-4B94-B047-3EF45FBBA36A,Muyedobotongji,1790,2B6CD8E0-5833-CEAF-117E-CF74DB7FED1F,931908CB-AD93-41CC-ADF8-E835A064B3A4,9
0172B519-7491-463E-902E-8B3318C827BF,Execution of the French monarch,1793,2B6CD8E0-5833-CEAF-117E-CF74DB7FED1F,A11BE234-C4D0-437F-ACC5-671BBB2FF7D0,11
B6B8A4BA-34C5-424F-96CE-AD54048AD308,Eli Whitney invents Cotton Gin,1793,2B6CD8E0-5833-CEAF-117E-CF74DB7FED1F,29DEEA0C-777C-4D5B-914E-6E6963A9A986,11
AC6B1917-5CF4-4A0E-B161-4407ED0FE32C,Life of Napoleon Bonaparte,1795,2B6CD8E0-5833-CEAF-117E-CF74DB7FED1F,A11BE234-C4D0-437F-ACC5-671BBB2FF7D0,11
9DACD7F2-B603-4702-A04A-732E54BA8A02,Watt Engine Attached to Weaving Machines,1795,2B6CD8E0-5833-CEAF-117E-CF74DB7FED1F,B00B69A9-2AC8-44EF-8209-36B96A027CB0,12
93AD9C20-479C-47C2-9313-9EAB244A5D12,Hwaseong Fortress ?? ??,1796,2B6CD8E0-5833-CEAF-117E-CF74DB7FED1F,F3F5A3CF-1092-4447-9819-18D7C312A75B,10
B41A60DF-C889-429D-9AB0-878F5D718587,Napoleon seized power in France,1799,2B6CD8E0-5833-CEAF-117E-CF74DB7FED1F,A11BE234-C4D0-437F-ACC5-671BBB2FF7D0,11
D8AB197C-401D-42EF-A7E0-444773BF4F14,"Price of Cotton Textiles Drops 80%, Available to Mass Market",1800,2B6CD8E0-5833-CEAF-117E-CF74DB7FED1F,21801115-4447-451A-A773-848E097A7383,11
0E5E73DF-1EBB-4213-805A-4A99714EEAEC,Britain Abolishes Slave Trade,1807,2B6CD8E0-5833-CEAF-117E-CF74DB7FED1F,A404F718-9079-4F2F-AA83-8BAA6CA72726,10
58539442-8BC3-4C97-BAB6-CEDA19D0A6CB,Abolition of U.S. Slave Trade,1808,2B6CD8E0-5833-CEAF-117E-CF74DB7FED1F,527E2226-AB01-4F24-866B-4124CBD8FF33,10
38092195-ACEB-4B9D-BBCE-97004D7FAC89,The French Revolution and the First Empire ,1809,2B6CD8E0-5833-CEAF-117E-CF74DB7FED1F,A11BE234-C4D0-437F-ACC5-671BBB2FF7D0,11
C307DDF8-8B12-45CD-9313-9DF55CB41C02,Factory Acts,1811,2B6CD8E0-5833-CEAF-117E-CF74DB7FED1F,A404F718-9079-4F2F-AA83-8BAA6CA72726,10
326482CC-37A3-42C4-AC94-DEF4C197ED90,Fur-bearing Mammals Hunted to Near Extinction,1812,2B6CD8E0-5833-CEAF-117E-CF74DB7FED1F,6CD89D0A-3C61-4F9E-897A-47866EC13684,11
487381E0-51BF-473D-B136-501C11335DD0,Francis Cabot Lowell Impliments First Powerloom,1813,2B6CD8E0-5833-CEAF-117E-CF74DB7FED1F,29DEEA0C-777C-4D5B-914E-6E6963A9A986,11
7BF4BD6C-6DA3-4406-81AE-526DEBEA14E0,Riots in England,1815,2B6CD8E0-5833-CEAF-117E-CF74DB7FED1F,A404F718-9079-4F2F-AA83-8BAA6CA72726,10
EB393937-50D7-4DBF-90B4-9C8D233B4104,Robert Owen's Utopian Socialism,1817,2B6CD8E0-5833-CEAF-117E-CF74DB7FED1F,A404F718-9079-4F2F-AA83-8BAA6CA72726,10
3FA97B90-5E06-4EA4-80EB-382DAD204665,US Industrialization Begins,1820,2B6CD8E0-5833-CEAF-117E-CF74DB7FED1F,29DEEA0C-777C-4D5B-914E-6E6963A9A986,11
08ECCC2C-E453-4B34-9274-4EFBCB4D7E18,Terrible Lizards,1825,2B6CD8E0-5833-CEAF-117E-CF74DB7FED1F,33AE6179-440E-4F49-8968-5528D6693378,9
CF817666-2B41-4CFE-8067-9E2530D81413,Cholera Pandemics in the 19th Century,1830,2B6CD8E0-5833-CEAF-117E-CF74DB7FED1F,76D285B3-4CDC-4D37-A3EC-D32B8025E1E5,11
6938E32A-F2CB-40EB-853C-C29D753AA909,Laboring classes suffered most from industrialization,1830,2B6CD8E0-5833-CEAF-117E-CF74DB7FED1F,A404F718-9079-4F2F-AA83-8BAA6CA72726,10
BD70CDBE-CDF2-4B09-A6D1-58497B0AE358,Reform Bill of 1832,1832,2B6CD8E0-5833-CEAF-117E-CF74DB7FED1F,A404F718-9079-4F2F-AA83-8BAA6CA72726,10
8153AE70-F8B8-4A32-8A1A-F5B78DE17FCA,Britain's Opium Trade in Asia,1834,2B6CD8E0-5833-CEAF-117E-CF74DB7FED1F,C862D7DA-5F1E-4BA4-AB8D-71C8101F76F2,11
35F8538B-0984-43BC-B488-07A04BEA5FE1,Oliver Twist,1837,2B6CD8E0-5833-CEAF-117E-CF74DB7FED1F,49909DDD-C727-4722-B0D3-86AF0C2EC889,11
B90D1060-50AD-4C0D-8488-8BF0A0238FF3,"British warship ""Nemesis"" built",1839,2B6CD8E0-5833-CEAF-117E-CF74DB7FED1F,C862D7DA-5F1E-4BA4-AB8D-71C8101F76F2,11
57363778-73C8-4183-9DE8-2EF2826FCE74,Steamship Voyages on the Atlantic Ocean Become Common,1840,2B6CD8E0-5833-CEAF-117E-CF74DB7FED1F,C862D7DA-5F1E-4BA4-AB8D-71C8101F76F2,11
9F1B6789-4A5F-4C9F-B35F-4390C44D0D5C,Boom in railroad construction,1840,2B6CD8E0-5833-CEAF-117E-CF74DB7FED1F,31E117A4-A3CA-4EB0-ADD9-92D93288702F,11
30DA266D-2E03-4136-84C3-0EE712F93B88,Life of Charles Dickens,1841,2B6CD8E0-5833-CEAF-117E-CF74DB7FED1F,49909DDD-C727-4722-B0D3-86AF0C2EC889,11
3D5D5EF3-BE1A-4082-A7F2-2590BBC1260B,France Constructs National Railroad System,1842,2B6CD8E0-5833-CEAF-117E-CF74DB7FED1F,31E117A4-A3CA-4EB0-ADD9-92D93288702F,11
E6662826-CFB9-439F-945D-BAF69C208E21,Life of Isaac Singer,1843,2B6CD8E0-5833-CEAF-117E-CF74DB7FED1F,29DEEA0C-777C-4D5B-914E-6E6963A9A986,11
0C257A10-4F2C-4B53-B1F6-2393073E0C59,Revolutions of 1848,1848,2B6CD8E0-5833-CEAF-117E-CF74DB7FED1F,A11BE234-C4D0-437F-ACC5-671BBB2FF7D0,11
E4A61766-C92D-40A5-ADEF-3BA058C72CF3,"What is the ""True"" Time?",1848,2B6CD8E0-5833-CEAF-117E-CF74DB7FED1F,840C6FEE-BB1D-445B-B862-B815CD13B71B,10
4613C438-ACE5-45E6-B434-59EFA6F75E50,Germany Acquired a Parliament,1848,2B6CD8E0-5833-CEAF-117E-CF74DB7FED1F,2D8FA12F-4FA1-474F-8D7E-A53C7168B0EC,10
82FBEA8C-38CC-455D-AFC5-139D40FAD5AA,"British Entrepreneurs Laid About 13,000 miles of Railroad Track ",1850,2B6CD8E0-5833-CEAF-117E-CF74DB7FED1F,5E4C1DF8-FBE0-45AB-8A4E-6A33AFFECE8B,11
0CB11A2D-D4A2-4CBB-86D2-883B7173ECF0,580 Million lbs of Raw Cotton Used in Britain,1850,2B6CD8E0-5833-CEAF-117E-CF74DB7FED1F,21801115-4447-451A-A773-848E097A7383,11
94A2C254-D3E2-4B3D-B69E-C9FD81F781D5,Missionary Work Increased Significantly,1850,2B6CD8E0-5833-CEAF-117E-CF74DB7FED1F,553533E3-8F8B-49A7-BB26-07A86EFC70CC,9
9C60AB9A-D2DC-430D-88F6-ECF077D27976,Period of Railroad Construction in The United States ,1850,2B6CD8E0-5833-CEAF-117E-CF74DB7FED1F,527E2226-AB01-4F24-866B-4124CBD8FF33,10
2EBE05C3-F665-4E87-9A6C-F7C10DC56D5E,Life of Karl Marx,1850,2B6CD8E0-5833-CEAF-117E-CF74DB7FED1F,2D8FA12F-4FA1-474F-8D7E-A53C7168B0EC,10
8131AEAE-E83B-4610-A79A-E8DBDA83EA0C,Singer Sewing Machine Invented,1851,2B6CD8E0-5833-CEAF-117E-CF74DB7FED1F,29DEEA0C-777C-4D5B-914E-6E6963A9A986,11
72171CE9-FFE9-462F-AFF7-85C4B29E38D3,American fleet steams into Tokyo Bay demanding Japan open its ports,1853,2B6CD8E0-5833-CEAF-117E-CF74DB7FED1F,1BEB3F5C-2922-408C-9157-41E95609653E,11
F5560E04-F407-44FC-95AB-1551585C8517,"Charles Dickens publishes ""Hard Times""",1854,2B6CD8E0-5833-CEAF-117E-CF74DB7FED1F,49909DDD-C727-4722-B0D3-86AF0C2EC889,11
4C969B36-00E4-4FA8-8CC3-0355B12A8ADA,Bessemer Blast Furnace Lowers Cost of Steel,1856,2B6CD8E0-5833-CEAF-117E-CF74DB7FED1F,A404F718-9079-4F2F-AA83-8BAA6CA72726,10
0B3F8648-E99D-4E41-9111-342F2D5745FA,Life of Friedrich Engels,1857,2B6CD8E0-5833-CEAF-117E-CF74DB7FED1F,2D8FA12F-4FA1-474F-8D7E-A53C7168B0EC,10
6A38DB95-45BA-4379-B2B1-17793D36E671,Indian Rebellion,1858,2B6CD8E0-5833-CEAF-117E-CF74DB7FED1F,553533E3-8F8B-49A7-BB26-07A86EFC70CC,9
5872C3CF-9444-4169-9D94-35D47A4BB241,Great Stink of 1858,1858,2B6CD8E0-5833-CEAF-117E-CF74DB7FED1F,76D285B3-4CDC-4D37-A3EC-D32B8025E1E5,11
333AEDA4-FA3C-43DE-9AD7-50E82EDE2EA6,On the Origin of Species,1859,2B6CD8E0-5833-CEAF-117E-CF74DB7FED1F,EB4B89B4-9FD4-4BF6-987F-8B30B4016D8E,10
0B823B5B-096E-4602-9D53-C17FF946DAE6,First Underground Railroad,1859,2B6CD8E0-5833-CEAF-117E-CF74DB7FED1F,5E4C1DF8-FBE0-45AB-8A4E-6A33AFFECE8B,11
D925C2A4-FE80-4542-B6D2-F393BDEBAC22,Self-Help by Samuel Smiles,1859,2B6CD8E0-5833-CEAF-117E-CF74DB7FED1F,840C6FEE-BB1D-445B-B862-B815CD13B71B,10
7A04A3EB-FB2E-4666-8EFB-2B8118653BC4,Daedong Yeojido ????? ?????,1861,2B6CD8E0-5833-CEAF-117E-CF74DB7FED1F,931908CB-AD93-41CC-ADF8-E835A064B3A4,9
2EA006CF-004B-4576-959B-E8FC4385AF89,Tsar Alexander II Freed 22 Million Private Russian Serfs,1861,2B6CD8E0-5833-CEAF-117E-CF74DB7FED1F,C41440C5-7E40-4255-ACB5-54DCED80DA12,12
F95CEE3A-6088-4647-9950-9A01532E9093,First Battle of Bull Run,1861.55,2B6CD8E0-5833-CEAF-117E-CF74DB7FED1F,829AD4B2-7134-4849-A93E-0B1475928A95,12
17CB0ADA-861C-4131-B5F4-B6ACEFA8F4E0,Battle of Pea Ridge,1862.17,2B6CD8E0-5833-CEAF-117E-CF74DB7FED1F,B5E33583-15AE-412D-97F5-9DB4BB83DFD6,12
840F044D-982C-4E73-AC9D-C63087846A91,Morrill Land Grant,1862.49,2B6CD8E0-5833-CEAF-117E-CF74DB7FED1F,AFF16829-02C1-47C9-9D6B-EBB297A4D89F,9
6A366ABB-2525-41CB-AE0E-48FBE1F0A4D2,Oliver Fearnleaf's Watch,1863,2B6CD8E0-5833-CEAF-117E-CF74DB7FED1F,840C6FEE-BB1D-445B-B862-B815CD13B71B,10
96786AF3-1FDE-4C5F-90FE-E8F60F0C713F,The Storming of Fort Wagner,1863,2B6CD8E0-5833-CEAF-117E-CF74DB7FED1F,829AD4B2-7134-4849-A93E-0B1475928A95,12
603027A5-B3CF-404B-901B-174B32D86C04,Siege of Vicksburg,1863.36,2B6CD8E0-5833-CEAF-117E-CF74DB7FED1F,0829B4C9-B8DA-4D74-854C-2A96F53B3BCA,12
D012EF39-E2EB-4DF3-82A1-DE7DF5EA8D5A,Battle of Gettysburg,1863.41,2B6CD8E0-5833-CEAF-117E-CF74DB7FED1F,829AD4B2-7134-4849-A93E-0B1475928A95,12
1F7379F0-17BD-4AED-BEEE-33333953CDF5,Battle of Chickamauga,1863.71,2B6CD8E0-5833-CEAF-117E-CF74DB7FED1F,0829B4C9-B8DA-4D74-854C-2A96F53B3BCA,12
FF1C5BE3-4394-460C-9884-8B362E6D8E13,Confederate States Surrender,1865.26,2B6CD8E0-5833-CEAF-117E-CF74DB7FED1F,76CC9775-431B-45E3-8E85-DAC9919C2AFE,12
77E19349-7693-49F1-A4CB-EEF2D204C840,End of Japanese Civil War,1868,2B6CD8E0-5833-CEAF-117E-CF74DB7FED1F,1BEB3F5C-2922-408C-9157-41E95609653E,11
ADA6B13D-226A-495E-A70D-56F7FA488081,French completed the Suez Canal,1869,2B6CD8E0-5833-CEAF-117E-CF74DB7FED1F,A11BE234-C4D0-437F-ACC5-671BBB2FF7D0,11
8BEDCDE3-EA47-41D8-BBF6-AAD07864D0A5,Rule of Queen Victoria,1869,2B6CD8E0-5833-CEAF-117E-CF74DB7FED1F,A404F718-9079-4F2F-AA83-8BAA6CA72726,10
BFD89A9F-63F1-4EF4-B656-8FB42ACDAB3F,"Carnegie Introduced The Bessemer Method, Reducing the Cost of Steel",1870,2B6CD8E0-5833-CEAF-117E-CF74DB7FED1F,A2075942-580B-4AC3-B26E-E675B5EA7185,11
29026296-50E4-44D2-B185-FF6F72C4D95A,Unification of Germany,1871,2B6CD8E0-5833-CEAF-117E-CF74DB7FED1F,2D8FA12F-4FA1-474F-8D7E-A53C7168B0EC,10
8E857B67-670B-45A6-89C4-0CEB7C07EB56,SF Toland Medical College gifted to UC,1873,2B6CD8E0-5833-CEAF-117E-CF74DB7FED1F,42724CED-E36F-4F70-A722-DAF496863133,11
974263F7-D007-4410-B3D1-20EEE8E3C33F,South Hall,1873,2B6CD8E0-5833-CEAF-117E-CF74DB7FED1F,42724CED-E36F-4F70-A722-DAF496863133,11
3E897A1C-57DD-4716-8F3C-198343C08BBF,United States and European nations adopt gold standard,1875,2B6CD8E0-5833-CEAF-117E-CF74DB7FED1F,527E2226-AB01-4F24-866B-4124CBD8FF33,10
524DC2D8-E36C-483B-9C86-4EF195F3073A,Bone Wars,1877,2B6CD8E0-5833-CEAF-117E-CF74DB7FED1F,33AE6179-440E-4F49-8968-5528D6693378,9
481D6898-AC44-4E3E-970F-6FA07922028A,Life of Cecil Rhodes,1878,2B6CD8E0-5833-CEAF-117E-CF74DB7FED1F,A404F718-9079-4F2F-AA83-8BAA6CA72726,10
6C71B7BB-268D-4F7C-8A75-ADEC759DFE38,Edison Invents the Electric Lightbulb,1879,2B6CD8E0-5833-CEAF-117E-CF74DB7FED1F,1835CB5A-F060-409B-855A-9F0044104B26,10
D68E5A1C-017C-414C-A3C0-30D9BA90FE8C,Major Depression in Europe and The United States,1880,2B6CD8E0-5833-CEAF-117E-CF74DB7FED1F,527E2226-AB01-4F24-866B-4124CBD8FF33,10
5B201E0E-BA8E-444C-B0E2-FCD1C299D487,Britain occupied Egypt ,1882,2B6CD8E0-5833-CEAF-117E-CF74DB7FED1F,A404F718-9079-4F2F-AA83-8BAA6CA72726,10
DAF999C9-0335-42D6-B689-AF7113B6E7D1,Meiji Period ,1890,2B6CD8E0-5833-CEAF-117E-CF74DB7FED1F,D4E67B00-6948-489E-A0C3-097AD629B538,12
E219B015-73FC-4A51-A59B-80C02014F871,London Improved Sewers and Water Supply,1891,2B6CD8E0-5833-CEAF-117E-CF74DB7FED1F,33ABE1BD-7F4F-405B-8105-1FCE4213EF0F,11
1E1741B8-4823-474B-B6D8-008B66C3D475,Vast Railroad Program Linked Russia to Siberia and the Far East,1892,2B6CD8E0-5833-CEAF-117E-CF74DB7FED1F,6CD89D0A-3C61-4F9E-897A-47866EC13684,11
0B4516DD-A49E-4316-82E2-BE789EA24CE8,Greenwich Mean Time...for Sale,1892,2B6CD8E0-5833-CEAF-117E-CF74DB7FED1F,840C6FEE-BB1D-445B-B862-B815CD13B71B,10
F1E9E2BF-6C12-45F5-9B13-3D6A3EDA8924,Tongnip Sinmun,1896,2B6CD8E0-5833-CEAF-117E-CF74DB7FED1F,931908CB-AD93-41CC-ADF8-E835A064B3A4,9
EE026C39-A6A4-4850-8D23-1E8D6C39B162,London is world's largest city,1899,2B6CD8E0-5833-CEAF-117E-CF74DB7FED1F,33ABE1BD-7F4F-405B-8105-1FCE4213EF0F,11
F431D2D3-C8AB-499B-A00B-491F68CA4FA3,U.S. Steel Company Budget Larger than US Government,1901,2B6CD8E0-5833-CEAF-117E-CF74DB7FED1F,A2075942-580B-4AC3-B26E-E675B5EA7185,11
01A9D704-B581-4C5A-B85C-28AA1AF94073,Professor Ritter establishes marine station,1903,2B6CD8E0-5833-CEAF-117E-CF74DB7FED1F,F4D2AF62-13BB-4290-843E-A37D93BBC8F6,11
51A7FDAE-72B8-48E8-AAC2-2CBA432BFB6E,Marie Curie Wins her First Nobel Prize,1903,2B6CD8E0-5833-CEAF-117E-CF74DB7FED1F,0AC3D1E4-D50A-43A5-83D2-BF0BF98ACE65,10
BC1E9328-5C73-4338-9E09-1C1B297AABEF,Einstein's Theory of Special Relativity,1905,2B6CD8E0-5833-CEAF-117E-CF74DB7FED1F,FBC2448B-4C87-4392-B528-59023C84312C,10
985948C2-350D-4F3F-8047-B418ED073E02,Japan defeats Russia ,1905,2B6CD8E0-5833-CEAF-117E-CF74DB7FED1F,D4E67B00-6948-489E-A0C3-097AD629B538,12
89797251-3812-4C4C-AF38-44667084C1A2,University Farm established,1906,2B6CD8E0-5833-CEAF-117E-CF74DB7FED1F,F4D2AF62-13BB-4290-843E-A37D93BBC8F6,11
D756F30B-9E3E-4E35-B333-10AE5260D05A,University Citrus Experiment station established,1907,2B6CD8E0-5833-CEAF-117E-CF74DB7FED1F,F4D2AF62-13BB-4290-843E-A37D93BBC8F6,11
C70E631C-9D1F-42C0-91C6-E5237B057E43,"The ""Lying Clocks"" Letters",1908,2B6CD8E0-5833-CEAF-117E-CF74DB7FED1F,840C6FEE-BB1D-445B-B862-B815CD13B71B,10
F95CF223-69DF-468F-B2DE-144A2F18398E,Construction of Sather Gate,1909,2B6CD8E0-5833-CEAF-117E-CF74DB7FED1F,F4D2AF62-13BB-4290-843E-A37D93BBC8F6,11
0EA6F84D-C408-4E51-8311-EE18F017D10D,Doe Library,1911,2B6CD8E0-5833-CEAF-117E-CF74DB7FED1F,B2AF99C2-2005-4E2E-ABF0-18B0605CA3DD,11
32FBCD2E-6978-4565-B043-AD9F8ADAD350,The Campanile ,1914,2B6CD8E0-5833-CEAF-117E-CF74DB7FED1F,B2AF99C2-2005-4E2E-ABF0-18B0605CA3DD,11
B674FDFE-35A8-4371-93D6-561AECF735CD,Einstein's Theory of General Relativity,1916,2B6CD8E0-5833-CEAF-117E-CF74DB7FED1F,FBC2448B-4C87-4392-B528-59023C84312C,10
5BB4B0A4-E31E-4377-A902-1DDF4B22AF5D,Revolutions brought the Communist Party to power,1917,2B6CD8E0-5833-CEAF-117E-CF74DB7FED1F,6CD89D0A-3C61-4F9E-897A-47866EC13684,11
90AA2E38-5E3C-4B97-B4EA-EBCD681C54D1,Southern Branch Established,1919,2B6CD8E0-5833-CEAF-117E-CF74DB7FED1F,B2AF99C2-2005-4E2E-ABF0-18B0605CA3DD,11
3543823A-E266-4B1C-8F81-3EE5624044A9,50% of the population of the US was living in cities,1920,2B6CD8E0-5833-CEAF-117E-CF74DB7FED1F,553533E3-8F8B-49A7-BB26-07A86EFC70CC,9
D25B1165-29D4-4A5C-B8B6-3F3C188DB24B,Nobel Prize for the discovery of insulin,1923,2B6CD8E0-5833-CEAF-117E-CF74DB7FED1F,2361D2B3-A938-4E30-ACE2-4ECAE9C88255,13
45C480F9-CCE6-4A95-8535-28012FCFE1B0,50% of the Population of Japan Living in Cities,1930,2B6CD8E0-5833-CEAF-117E-CF74DB7FED1F,1BEB3F5C-2922-408C-9157-41E95609653E,11
503387AC-F19E-4780-9BFE-9846AA9C6D5F,Albert Einstein Summarized,1940,2B6CD8E0-5833-CEAF-117E-CF74DB7FED1F,FBC2448B-4C87-4392-B528-59023C84312C,10
3B7AB986-092E-4434-9981-5B03FA8454D1,Akira Kurosawa Releases War Time Movies ,1942,2B6CD8E0-5833-CEAF-117E-CF74DB7FED1F,BF5C7E77-5463-4206-9E3F-2CD723EEABDF,11
230FD115-7EC0-4535-85F8-2ACDA231341E,President Roosevelt Signs Executive Order 9066,1942.13,2B6CD8E0-5833-CEAF-117E-CF74DB7FED1F,F9594DA6-24D5-43D2-8F3A-8AD607016ECD,12
F529A198-034B-4128-86FC-DD757853AA83,Estelle and Arthur Ishigo are Sent to Pomona Assembly Center,1942.31,2B6CD8E0-5833-CEAF-117E-CF74DB7FED1F,F9594DA6-24D5-43D2-8F3A-8AD607016ECD,12
36E39125-5D89-4BF2-8322-CDBBF7DDF426,"Estelle and Arthur Ishigo Arrive at Heart Mountain, Wyoming",1942.66,2B6CD8E0-5833-CEAF-117E-CF74DB7FED1F,F9594DA6-24D5-43D2-8F3A-8AD607016ECD,12
B5725217-5E59-4E9E-853D-541E53A3F5B9,Law Denying Japanese Americans Right to Vote is Passed ,1943.08,2B6CD8E0-5833-CEAF-117E-CF74DB7FED1F,F9594DA6-24D5-43D2-8F3A-8AD607016ECD,12
7589684B-8497-450B-A9DA-AE364721B8BA,Allied Occupation of Japan ,1945,2B6CD8E0-5833-CEAF-117E-CF74DB7FED1F,BF5C7E77-5463-4206-9E3F-2CD723EEABDF,11
450D3F42-62C8-49E7-9C1B-CDAF3FDAF559,Estelle and Arthur Ishigo Are Released From Heart Mountain,1945.66,2B6CD8E0-5833-CEAF-117E-CF74DB7FED1F,F9594DA6-24D5-43D2-8F3A-8AD607016ECD,12
28088269-D4B2-4DF3-89D3-1460D272D3B9,Berkelium ,1949,2B6CD8E0-5833-CEAF-117E-CF74DB7FED1F,E9DA1C2D-D060-4BDB-BC09-AF3504696461,11
91839C10-6148-4077-8085-5EA6E117790F,Watson and Crick Discover DNA,1953,2B6CD8E0-5833-CEAF-117E-CF74DB7FED1F,0C12100B-2BA1-4208-9523-D38224624068,9
1F707DE2-145C-44E3-B4A4-ADA0231242BC,Birth of The Internet,1957,2B6CD8E0-5833-CEAF-117E-CF74DB7FED1F,AFF16829-02C1-47C9-9D6B-EBB297A4D89F,9
053A9CB0-EF76-48B5-8123-5BCEDB777D69,Dinosaur Renaissance,1960,2B6CD8E0-5833-CEAF-117E-CF74DB7FED1F,33AE6179-440E-4F49-8968-5528D6693378,9
F9DB8A8C-EBFC-4205-B91A-1F06F7C07B43,Mario Savio's Speech,1964,2B6CD8E0-5833-CEAF-117E-CF74DB7FED1F,664F8F42-2723-4F5A-9085-BCF1F0A55849,12
7FB2BD56-FF51-4AA6-9773-2E5B1820AA58,The Play ,1982.82,2B6CD8E0-5833-CEAF-117E-CF74DB7FED1F,DC9C5792-E621-46A4-AF2D-C117330DC8D4,11
7CF37C5F-A47C-474B-91DC-279A14080823,Windows 3.1 Released,1992,2B6CD8E0-5833-CEAF-117E-CF74DB7FED1F,1FBA33B2-9C92-4FF9-A2B4-45A622FB3459,11
4BBEB0D6-845E-4060-90F4-DB6DA1E36DA8,Windows 95 Released,1995,2B6CD8E0-5833-CEAF-117E-CF74DB7FED1F,1FBA33B2-9C92-4FF9-A2B4-45A622FB3459,11
A50F30FD-D752-4C5A-9992-44380615FA89,Windows 98 Released,1998,2B6CD8E0-5833-CEAF-117E-CF74DB7FED1F,1FBA33B2-9C92-4FF9-A2B4-45A622FB3459,11
04B505A3-F848-4F00-841C-D1E8C5239C33,Memorial Glade,1998,2B6CD8E0-5833-CEAF-117E-CF74DB7FED1F,4382841C-FC87-4079-B17C-380D27F413AA,11
874EA673-A2E4-4683-8EE5-235C77647CEF,Windows Me Released,2000,2B6CD8E0-5833-CEAF-117E-CF74DB7FED1F,1FBA33B2-9C92-4FF9-A2B4-45A622FB3459,11
49E0EA3C-B7CD-4DDB-9433-1DE364D1880C,Windows XP Released,2001.99,2B6CD8E0-5833-CEAF-117E-CF74DB7FED1F,1FBA33B2-9C92-4FF9-A2B4-45A622FB3459,11
57028BC1-B828-44E4-B785-690AB696CE80,Necessity of Interdisciplinary Globalization ,2002,2B6CD8E0-5833-CEAF-117E-CF74DB7FED1F,874E0C47-7951-4555-9AFE-D1D59272CA27,9
71C59329-B132-4537-AF07-18C0781046E1,Windows Vista Released,2007,2B6CD8E0-5833-CEAF-117E-CF74DB7FED1F,1FBA33B2-9C92-4FF9-A2B4-45A622FB3459,11
C18E176B-6870-40E3-B737-F1EBD8A0E6AF,Windows 7 Released,2009,2B6CD8E0-5833-CEAF-117E-CF74DB7FED1F,1FBA33B2-9C92-4FF9-A2B4-45A622FB3459,11
F5D60D81-B2E9-4B91-B88F-BCB0A943F1CC,LightSpace Project,2010.16,2B6CD8E0-5833-CEAF-117E-CF74DB7FED1F,D1E68C6E-E2FA-44E0-91BA-A02FEAA74854,12
FAD4A0BE-733A-4A86-A655-1435B0E7B38C,ChronoZoom 1.0 Released,2010.27,2B6CD8E0-5833-CEAF-117E-CF74DB7FED1F,F99EB515-14EF-4560-99EB-B695AF4F7041,13
DC63C6CC-D77C-4651-B885-C21B80C395E1,iConference 2012,2011.09,2B6CD8E0-5833-CEAF-117E-CF74DB7FED1F,22C5F47D-0BAB-44FE-AF5E-19601F5913F6,13
02907742-87AF-4F3B-B411-013F47660E6A,MRC Global Meeting,2012,2B6CD8E0-5833-CEAF-117E-CF74DB7FED1F,D1E68C6E-E2FA-44E0-91BA-A02FEAA74854,12
9DF21C59-2936-40E9-B0BD-48C27ABFFEE8,Microsoft Today,2012,2B6CD8E0-5833-CEAF-117E-CF74DB7FED1F,2B415CCB-1F7F-478E-9731-CCC8A72D13FB,10
C26CFD4B-742B-42CF-BFBE-51AE7E8545ED,WorldWide Telescope,2012,2B6CD8E0-5833-CEAF-117E-CF74DB7FED1F,8AFEAE9B-2897-4668-B59D-36287C0A0463,12
283A0DF3-7D11-45EF-8BBB-C5F8F460CA23,Cut the Rope HTML5,2012.02,2B6CD8E0-5833-CEAF-117E-CF74DB7FED1F,2B415CCB-1F7F-478E-9731-CCC8A72D13FB,10
CCB3E128-B958-4B97-A6B6-B52FB7E93F00,Beta Release of ChronoZoom,2012.14,2B6CD8E0-5833-CEAF-117E-CF74DB7FED1F,F99EB515-14EF-4560-99EB-B695AF4F7041,13
EC0A3318-C1DF-4144-9DD8-9D0F251BA53C,The R. Lowry Dobson Memorial Lecture,2012.27,2B6CD8E0-5833-CEAF-117E-CF74DB7FED1F,F0EDCC4E-E62E-4D63-B590-B9BCC74CE1C3,11
74697FF8-62D0-4B00-82C7-24EF8FBDFF64,Cal Day 2012,2012.3,2B6CD8E0-5833-CEAF-117E-CF74DB7FED1F,F0EDCC4E-E62E-4D63-B590-B9BCC74CE1C3,11
